geoid,county,classification,stage1_result,jobs_2022,povrate_2024,has_any_permits,median_hhincome_2024,median_homevalue_2024
24510040200,Baltimore city,Already Attractive,Advances to Scoring,21188.0,0.30637813,1,43361.0,
24001002200,Allegany County,Less Likely,Advances to Scoring,448.0,0.18920471,0,49911.0,102100.0
24005404502,Baltimore County,Less Likely,Advances to Scoring,236.0,0.20982143,0,71944.0,284200.0
24033803803,Prince George's County,Less Likely,Advances to Scoring,4145.0,0.026664402,0,91553.0,361200.0
24033801906,Prince George's County,Less Likely,Advances to Scoring,224.0,0.14025027,0,76806.0,311400.0
24001002100,Allegany County,Less Likely,Advances to Scoring,453.0,0.17950556,0,54299.0,87700.0
24510130804,Baltimore city,Less Likely,Advances to Scoring,1283.0,0.14950819,1,71250.0,242900.0
24031701219,Montgomery County,Already Attractive,Advances to Scoring,6861.0,0.076804914,0,87188.0,
24033802700,Prince George's County,Goldilocks,Advances to Scoring,244.0,0.10660303,0,87292.0,330600.0
24005451600,Baltimore County,Less Likely,Advances to Scoring,1976.0,0.08361204,0,73542.0,219200.0
24510261000,Baltimore city,Already Attractive,Advances to Scoring,169.0,0.22885835,1,98125.0,261800.0
24005421200,Baltimore County,Goldilocks,Advances to Scoring,206.0,0.20601092,0,64886.0,237600.0
24045010504,Wicomico County,Less Likely,Advances to Scoring,814.0,0.20143723,0,71425.0,231400.0
24033803300,Prince George's County,Goldilocks,Advances to Scoring,3735.0,0.065260381,0,83281.0,267900.0
24510090100,Baltimore city,Less Likely,Advances to Scoring,417.0,0.13954771,1,69029.0,201500.0
24011955100,Caroline County,Less Likely,Advances to Scoring,566.0,0.12307165,0,62717.0,283900.0
24031701417,Montgomery County,Less Likely,Advances to Scoring,1051.0,0.10888078,0,78750.0,360000.0
24510100200,Baltimore city,Already Attractive,Advances to Scoring,40.0,0.47782004,1,24360.0,
24005451402,Baltimore County,Less Likely,Advances to Scoring,376.0,0.35313341,0,53735.0,236700.0
24033805700,Prince George's County,Less Likely,Advances to Scoring,296.0,0.16792202,0,95985.0,344700.0
24003730514,Anne Arundel County,Already Attractive,Advances to Scoring,284.0,0.090666667,0,61587.0,
24033801405,Prince George's County,Less Likely,Advances to Scoring,3626.0,0.12395908,0,66991.0,347200.0
24033802407,Prince George's County,Less Likely,Advances to Scoring,759.0,0.091041729,0,66116.0,321100.0
24033804802,Prince George's County,Already Attractive,Advances to Scoring,116.0,0.076897904,0,66420.0,
24510030100,Baltimore city,Goldilocks,Advances to Scoring,712.0,0.5,1,57200.0,279400.0
24033802600,Prince George's County,Less Likely,Advances to Scoring,75.0,0.16698922,0,67895.0,331900.0
24510270801,Baltimore city,Less Likely,Advances to Scoring,174.0,0.13148372,1,61410.0,195900.0
24023000601,Garrett County,Less Likely,Advances to Scoring,3732.0,0.11138799,0,76382.0,230700.0
24033802203,Prince George's County,Less Likely,Advances to Scoring,2278.0,0.12588069,0,68333.0,341600.0
24025301601,Harford County,Goldilocks,Advances to Scoring,1581.0,0.084477924,0,82298.0,235900.0
24510270802,Baltimore city,Less Likely,Advances to Scoring,255.0,0.1400426,1,61595.0,192200.0
24023000100,Garrett County,Less Likely,Advances to Scoring,1047.0,0.15588972,0,59094.0,206700.0
24033803801,Prince George's County,Less Likely,Advances to Scoring,912.0,0.098676749,0,93452.0,361800.0
24005401302,Baltimore County,Less Likely,Advances to Scoring,35.0,0.14467354,0,63013.0,224500.0
24005411411,Baltimore County,Less Likely,Advances to Scoring,753.0,0.19032922,0,74864.0,295600.0
24005402404,Baltimore County,Less Likely,Advances to Scoring,214.0,0.17650793,0,59741.0,282100.0
24510280401,Baltimore city,Less Likely,Advances to Scoring,281.0,0.21314335,1,70107.0,232700.0
24510270702,Baltimore city,Less Likely,Advances to Scoring,397.0,0.10251631,1,63873.0,240600.0
24017850906,Charles County,Less Likely,Advances to Scoring,521.0,0.12141068,0,72679.0,349000.0
24019970200,Dorchester County,Less Likely,Advances to Scoring,3020.0,0.1391643,0,69475.0,230200.0
24033802104,Prince George's County,Less Likely,Advances to Scoring,1284.0,0.13782696,0,52344.0,308300.0
24001002300,Allegany County,Goldilocks,Advances to Scoring,1302.0,0.17839783,0,72188.0,157800.0
24019970600,Dorchester County,Less Likely,Advances to Scoring,1771.0,0.15859121,0,47610.0,222000.0
24510250102,Baltimore city,Less Likely,Advances to Scoring,227.0,0.10003041,1,61199.0,158000.0
24031701422,Montgomery County,Already Attractive,Advances to Scoring,411.0,0.11021505,0,61157.0,
24510250204,Baltimore city,Already Attractive,Advances to Scoring,185.0,0.48954946,1,21016.0,
24005411307,Baltimore County,Less Likely,Advances to Scoring,1822.0,0.24749798,0,79327.0,316600.0
24510020200,Baltimore city,Less Likely,Advances to Scoring,208.0,0.2308201,1,63533.0,330900.0
24510080500,Baltimore city,Less Likely,Advances to Scoring,255.0,0.51911861,1,27140.0,47600.0
24043000601,Washington County,Less Likely,Advances to Scoring,2428.0,0.16910331,0,57813.0,226200.0
24510260203,Baltimore city,Less Likely,Advances to Scoring,287.0,0.17622951,1,63702.0,170800.0
24005451500,Baltimore County,Less Likely,Advances to Scoring,387.0,0.17746846,0,79640.0,186200.0
24005450200,Baltimore County,Less Likely,Advances to Scoring,473.0,0.14909638,0,60741.0,278200.0
24005402307,Baltimore County,Less Likely,Advances to Scoring,883.0,0.12510997,0,55966.0,229600.0
24033802106,Prince George's County,Less Likely,Advances to Scoring,114.0,0.23217833,0,56476.0,351600.0
24510271002,Baltimore city,Goldilocks,Advances to Scoring,168.0,0.14655633,1,63482.0,164900.0
24510260401,Baltimore city,Less Likely,Advances to Scoring,267.0,0.40872511,1,35625.0,45300.0
24003730206,Anne Arundel County,Less Likely,Advances to Scoring,151.0,0.2483523,0,65032.0,363200.0
24510260202,Baltimore city,Less Likely,Advances to Scoring,112.0,0.38817203,1,31294.0,122200.0
24047951300,Worcester County,Less Likely,Advances to Scoring,1594.0,0.17471848,0,49167.0,215200.0
24003730513,Anne Arundel County,Less Likely,Advances to Scoring,357.0,0.16260162,0,80887.0,285200.0
24033806601,Prince George's County,Goldilocks,Advances to Scoring,452.0,0.18153846,0,85192.0,348300.0
24510200701,Baltimore city,Less Likely,Advances to Scoring,207.0,0.15127529,1,46023.0,122500.0
24033803200,Prince George's County,Less Likely,Advances to Scoring,1184.0,0.10675381,0,62891.0,272200.0
24033805907,Prince George's County,Less Likely,Advances to Scoring,31.0,0.14131023,0,59095.0,123400.0
24510151100,Baltimore city,Less Likely,Advances to Scoring,453.0,0.17403035,1,65855.0,197600.0
24039930600,Somerset County,Less Likely,Advances to Scoring,642.0,0.17647059,0,50440.0,126300.0
24510080200,Baltimore city,Already Attractive,Advances to Scoring,362.0,0.46044305,1,54766.0,
24047951500,Worcester County,Less Likely,Advances to Scoring,1652.0,0.15178753,0,52264.0,193300.0
24033801907,Prince George's County,Less Likely,Advances to Scoring,1497.0,0.1884058,0,55117.0,358000.0
24510130200,Baltimore city,Less Likely,Advances to Scoring,84.0,0.089426875,1,59194.0,353200.0
24033804300,Prince George's County,Goldilocks,Advances to Scoring,4011.0,0.074537538,0,79375.0,351400.0
24510160801,Baltimore city,Goldilocks,Advances to Scoring,63.0,0.1934033,1,74396.0,180400.0
24510270901,Baltimore city,Less Likely,Advances to Scoring,26.0,0.14600807,1,51784.0,162200.0
24005420702,Baltimore County,Goldilocks,Advances to Scoring,189.0,0.1728534,0,81053.0,240800.0
24001001700,Allegany County,Less Likely,Advances to Scoring,851.0,0.20701168,0,58840.0,152900.0
24005408507,Baltimore County,Less Likely,Advances to Scoring,407.0,0.20819898,0,53858.0,344600.0
24005430104,Baltimore County,Less Likely,Advances to Scoring,503.0,0.16274023,0,73428.0,286400.0
24019970400,Dorchester County,Less Likely,Advances to Scoring,3705.0,0.12335723,0,62798.0,293100.0
24510270803,Baltimore city,Less Likely,Advances to Scoring,2783.0,0.096571706,1,60046.0,204800.0
24005402403,Baltimore County,Goldilocks,Advances to Scoring,125.0,0.14600939,0,64976.0,258200.0
24510090500,Baltimore city,Less Likely,Advances to Scoring,1360.0,0.11457578,1,68569.0,179000.0
24015030505,Cecil County,Goldilocks,Advances to Scoring,2823.0,0.21314685,0,89439.0,290400.0
24005450300,Baltimore County,Already Attractive,Advances to Scoring,941.0,0.1150685,0,64583.0,266100.0
24033805906,Prince George's County,Less Likely,Advances to Scoring,36.0,0.19091374,0,78026.0,146400.0
24510250401,Baltimore city,Less Likely,Advances to Scoring,261.0,0.14459665,1,46637.0,127300.0
24510280200,Baltimore city,Less Likely,Advances to Scoring,250.0,0.19973339,1,72598.0,227900.0
24023000700,Garrett County,Less Likely,Advances to Scoring,2086.0,0.15711094,0,53750.0,211900.0
24510260402,Baltimore city,Less Likely,Advances to Scoring,398.0,0.1653858,1,37155.0,215200.0
24510280402,Baltimore city,Less Likely,Advances to Scoring,80.0,0.10734017,1,54444.0,161500.0
24001001300,Allegany County,Less Likely,Advances to Scoring,1608.0,0.13719663,0,63750.0,138200.0
24019970300,Dorchester County,Less Likely,Advances to Scoring,598.0,0.063279442,0,70274.0,261100.0
24033802107,Prince George's County,Less Likely,Advances to Scoring,77.0,0.10151899,0,81971.0,321000.0
24005402408,Baltimore County,Less Likely,Advances to Scoring,251.0,0.063492067,0,64583.0,203800.0
24031703218,Montgomery County,Already Attractive,Advances to Scoring,745.0,0.086956523,0,84279.0,278800.0
24033801702,Prince George's County,Less Likely,Advances to Scoring,67.0,0.081475787,0,71518.0,313900.0
24005401301,Baltimore County,Less Likely,Advances to Scoring,839.0,0.089291193,0,75514.0,219000.0
24005411408,Baltimore County,Less Likely,Advances to Scoring,1122.0,0.095576622,0,77971.0,252600.0
24037876004,St. Mary's County,Less Likely,Advances to Scoring,3092.0,0.10758715,0,114970.0,297400.0
24033801809,Prince George's County,Goldilocks,Advances to Scoring,326.0,0.084169209,0,84524.0,360500.0
24029950200,Kent County,Less Likely,Advances to Scoring,989.0,0.088669948,0,72778.0,292800.0
24011955201,Caroline County,Less Likely,Advances to Scoring,1311.0,0.077307984,0,79524.0,356600.0
24033802408,Prince George's County,Less Likely,Advances to Scoring,35.0,0.097215436,0,58098.0,272200.0
24021765100,Frederick County,Goldilocks,Advances to Scoring,2192.0,0.098370671,0,86402.0,355700.0
24021750505,Frederick County,Less Likely,Advances to Scoring,1190.0,0.11476381,0,80307.0,304300.0
24001001502,Allegany County,Less Likely,Advances to Scoring,517.0,0.12094699,0,70345.0,150600.0
24005420402,Baltimore County,Less Likely,Advances to Scoring,353.0,0.090822637,0,65455.0,217300.0
24003730403,Anne Arundel County,Less Likely,Advances to Scoring,415.0,0.075991191,0,95577.0,340300.0
24019970804,Dorchester County,Less Likely,Advances to Scoring,305.0,0.1449917,0,80556.0,286500.0
24031703216,Montgomery County,Less Likely,Advances to Scoring,62.0,0.058578566,0,57778.0,236800.0
24033801802,Prince George's County,Less Likely,Advances to Scoring,822.0,0.058086865,0,79754.0,321800.0
24033801408,Prince George's County,Less Likely,Advances to Scoring,139.0,0.071882948,0,82625.0,278300.0
24033803002,Prince George's County,Less Likely,Advances to Scoring,179.0,0.058870967,0,74208.0,301100.0
24005492500,Baltimore County,Already Attractive,Advances to Scoring,4006.0,0.46808511,0,,
24510150900,Baltimore city,Already Attractive,Advances to Scoring,68.0,0.43769634,1,,236800.0
24510271801,Baltimore city,Already Attractive,Advances to Scoring,200.0,0.35925779,1,,197500.0
24033802901,Prince George's County,Already Attractive,Advances to Scoring,529.0,0.16432619,0,,349700.0
24017850201,Charles County,Already Attractive,Advances to Scoring,173.0,0.023305085,0,101518.0,265800.0
24009861004,Calvert County,Less Likely,Advances to Scoring,57.0,0.054829188,0,95276.0,292400.0
24033801406,Prince George's County,Less Likely,Advances to Scoring,61.0,0.021590909,0,78715.0,313600.0
24033801106,Prince George's County,Already Attractive,Advances to Scoring,621.0,0.020356234,0,79516.0,
24001001402,Allegany County,Less Likely,Advances to Scoring,485.0,0.037518039,0,73500.0,158700.0
24510250101,Baltimore city,Less Likely,Advances to Scoring,216.0,0.086656034,1,66767.0,189800.0
24031700614,Montgomery County,Less Likely,Advances to Scoring,479.0,0.061252579,0,91402.0,333800.0
24001002000,Allegany County,Less Likely,Advances to Scoring,1141.0,0.035107378,0,65778.0,163100.0
24033801105,Prince George's County,Already Attractive,Advances to Scoring,1328.0,0.063175395,0,89342.0,
24033801500,Prince George's County,Less Likely,Advances to Scoring,716.0,0.064304464,0,100366.0,356700.0
24021750507,Frederick County,Less Likely,Advances to Scoring,1022.0,0.055220418,0,66943.0,291000.0
24033803524,Prince George's County,Already Attractive,Advances to Scoring,255.0,0.11597096,0,104569.0,339200.0
24510270302,Baltimore city,Less Likely,Advances to Scoring,81.0,0.062137969,1,90089.0,268600.0
24033802502,Prince George's County,Less Likely,Advances to Scoring,337.0,0.094604865,0,98871.0,343800.0
24019970100,Dorchester County,Already Attractive,Advances to Scoring,244.0,0.089576028,0,85701.0,256600.0
24021750702,Frederick County,Less Likely,Advances to Scoring,1026.0,0.1077496,0,65455.0,352400.0
24005402305,Baltimore County,Less Likely,Advances to Scoring,73.0,0.066617593,0,48912.0,336800.0
24033804400,Prince George's County,Already Attractive,Advances to Scoring,635.0,0.076838233,0,104583.0,357900.0
24027601107,Howard County,Less Likely,Advances to Scoring,301.0,0.13740022,0,74777.0,345200.0
24001000600,Allegany County,Less Likely,Advances to Scoring,657.0,0.13382353,0,52250.0,128500.0
24510260101,Baltimore city,Less Likely,Advances to Scoring,438.0,0.096361183,1,58977.0,241800.0
24510260102,Baltimore city,Less Likely,Advances to Scoring,195.0,0.093027696,1,70996.0,185200.0
24005450501,Baltimore County,Less Likely,Advances to Scoring,664.0,0.058497228,0,64054.0,230600.0
24015030507,Cecil County,Less Likely,Advances to Scoring,146.0,0.17200938,0,66445.0,361200.0
24005491401,Baltimore County,Less Likely,Advances to Scoring,408.0,0.066903614,0,65602.0,213400.0
24005400701,Baltimore County,Less Likely,Advances to Scoring,910.0,0.086587951,0,88438.0,337700.0
24510260800,Baltimore city,Less Likely,Advances to Scoring,424.0,0.12172043,1,65093.0,267200.0
24005404201,Baltimore County,Less Likely,Advances to Scoring,469.0,0.11537799,0,80379.0,349100.0
24033802103,Prince George's County,Less Likely,Advances to Scoring,1608.0,0.11722142,0,74074.0,324400.0
24001001600,Allegany County,Less Likely,Advances to Scoring,308.0,0.13776337,0,52049.0,181600.0
24033800209,Prince George's County,Less Likely,Advances to Scoring,357.0,0.13935451,0,59096.0,296200.0
24019970500,Dorchester County,Less Likely,Advances to Scoring,726.0,0.54242188,0,16605.0,320200.0
24005408506,Baltimore County,Less Likely,Advances to Scoring,1070.0,0.13111782,0,59322.0,472600.0
24031702602,Montgomery County,Less Likely,Advances to Scoring,334.0,0.093930349,0,84167.0,298400.0
24001000200,Allegany County,Less Likely,Advances to Scoring,2727.0,0.12251767,0,67724.0,186800.0
24033804801,Prince George's County,Already Attractive,Advances to Scoring,106.0,0.086594507,0,61339.0,
24027606907,Howard County,Less Likely,Advances to Scoring,2387.0,0.080599815,0,90578.0,284300.0
24001001503,Allegany County,Less Likely,Advances to Scoring,132.0,0.14921007,0,60216.0,130200.0
24023000400,Garrett County,Less Likely,Advances to Scoring,199.0,0.12184874,0,55994.0,148000.0
24033802405,Prince George's County,Less Likely,Advances to Scoring,5566.0,0.032099575,0,70286.0,332200.0
24005450400,Baltimore County,Less Likely,Advances to Scoring,513.0,0.091289781,0,87639.0,246400.0
24033806711,Prince George's County,Less Likely,Advances to Scoring,691.0,0.12726516,0,75548.0,295100.0
24005451801,Baltimore County,Less Likely,Advances to Scoring,306.0,0.14206788,0,78950.0,338200.0
24033802406,Prince George's County,Less Likely,Advances to Scoring,771.0,0.094199739,0,69148.0,315700.0
24005411412,Baltimore County,Less Likely,Advances to Scoring,403.0,0.12192118,0,64466.0,198900.0
24005491402,Baltimore County,Goldilocks,Advances to Scoring,220.0,0.048838798,0,78789.0,195800.0
24033807410,Prince George's County,Already Attractive,Advances to Scoring,1193.0,0.14259297,0,85078.0,329700.0
24005401101,Baltimore County,Less Likely,Advances to Scoring,941.0,0.13846605,0,78902.0,281300.0
24033802805,Prince George's County,Less Likely,Advances to Scoring,70.0,0.080565102,0,85685.0,345900.0
24011955000,Caroline County,Less Likely,Advances to Scoring,148.0,0.14052399,0,59458.0,193900.0
24033802804,Prince George's County,Less Likely,Advances to Scoring,1147.0,0.089676112,0,73940.0,343300.0
24025302902,Harford County,Less Likely,Advances to Scoring,2850.0,0.086432576,0,69663.0,233300.0
24005441000,Baltimore County,Less Likely,Advances to Scoring,119.0,0.15129344,0,69875.0,226000.0
24001000100,Allegany County,Less Likely,Advances to Scoring,169.0,0.12860577,0,63415.0,199300.0
24031700725,Montgomery County,Less Likely,Advances to Scoring,906.0,0.092868462,0,72104.0,249600.0
24033804102,Prince George's County,Goldilocks,Advances to Scoring,787.0,0.15599367,0,85163.0,359100.0
24005421101,Baltimore County,Less Likely,Advances to Scoring,166.0,0.072765075,0,69583.0,336600.0
24033802404,Prince George's County,Less Likely,Advances to Scoring,118.0,0.1309842,0,54651.0,242600.0
24021753002,Frederick County,Less Likely,Advances to Scoring,1870.0,0.15496957,0,84931.0,309200.0
24005404202,Baltimore County,Less Likely,Advances to Scoring,4652.0,0.037,0,61786.0,398900.0
24021750300,Frederick County,Goldilocks,Advances to Scoring,623.0,0.13793103,0,86198.0,329300.0
24001000800,Allegany County,Less Likely,Advances to Scoring,944.0,0.37625861,0,28056.0,91300.0
24003730404,Anne Arundel County,Less Likely,Advances to Scoring,561.0,0.13670133,0,63536.0,325400.0
24510260604,Baltimore city,Goldilocks,Advances to Scoring,59.0,0.39958593,1,41467.0,141300.0
24033806712,Prince George's County,Less Likely,Advances to Scoring,4751.0,0.28840214,0,84132.0,199700.0
24510200800,Baltimore city,Goldilocks,Advances to Scoring,573.0,0.26539379,1,50579.0,119900.0
24043000700,Washington County,Less Likely,Advances to Scoring,1039.0,0.32494608,0,32093.0,185000.0
24510160100,Baltimore city,Already Attractive,Advances to Scoring,17.0,0.34347627,1,18750.0,126300.0
24510271600,Baltimore city,Less Likely,Advances to Scoring,388.0,0.28738689,1,51375.0,165100.0
24510080301,Baltimore city,Less Likely,Advances to Scoring,32.0,0.24973601,1,45509.0,84100.0
24043000500,Washington County,Less Likely,Advances to Scoring,1114.0,0.29244813,0,43843.0,187800.0
24017850901,Charles County,Already Attractive,Advances to Scoring,5370.0,0.17793038,0,71306.0,328500.0
24005420401,Baltimore County,Less Likely,Advances to Scoring,49.0,0.2966373,0,44707.0,202700.0
24031700713,Montgomery County,Less Likely,Advances to Scoring,1857.0,0.27237669,0,55106.0,330400.0
24033804001,Prince George's County,Less Likely,Advances to Scoring,332.0,0.26732481,0,51179.0,313300.0
24510070200,Baltimore city,Less Likely,Advances to Scoring,143.0,0.33531275,1,45701.0,147100.0
24510280500,Baltimore city,Goldilocks,Advances to Scoring,2386.0,0.66522986,1,19150.0,160500.0
24510260501,Baltimore city,Goldilocks,Advances to Scoring,7900.0,0.13907285,1,65495.0,182900.0
24510090600,Baltimore city,Less Likely,Advances to Scoring,8.0,0.26598898,1,52128.0,174800.0
24510160700,Baltimore city,Less Likely,Advances to Scoring,148.0,0.25338021,1,35565.0,92200.0
24510110100,Baltimore city,Less Likely,Advances to Scoring,1357.0,0.22823733,1,50345.0,151300.0
24510200500,Baltimore city,Already Attractive,Advances to Scoring,771.0,0.35898978,1,47738.0,
24510130400,Baltimore city,Less Likely,Advances to Scoring,398.0,0.28149489,1,41563.0,150000.0
24045000300,Wicomico County,Already Attractive,Advances to Scoring,547.0,0.37401918,0,45822.0,
24510080600,Baltimore city,Less Likely,Advances to Scoring,23.0,0.22909091,1,54167.0,159500.0
24510160500,Baltimore city,Less Likely,Advances to Scoring,429.0,0.31747112,1,37396.0,93200.0
24041960300,Talbot County,Already Attractive,Advances to Scoring,2758.0,0.1950095,0,52561.0,351200.0
24025301302,Harford County,Less Likely,Advances to Scoring,896.0,0.22865966,0,59210.0,187800.0
24043000400,Washington County,Less Likely,Advances to Scoring,2580.0,0.38829488,0,27316.0,215900.0
24510070100,Baltimore city,Less Likely,Advances to Scoring,40.0,0.29886028,1,59727.0,107900.0
24033803403,Prince George's County,Less Likely,Advances to Scoring,385.0,0.30770716,0,49774.0,296700.0
24005420900,Baltimore County,Less Likely,Advances to Scoring,477.0,0.21872541,0,48534.0,196100.0
24033803525,Prince George's County,Less Likely,Advances to Scoring,1557.0,0.32832929,0,52734.0,250000.0
24510090700,Baltimore city,Less Likely,Advances to Scoring,28.0,0.35654491,1,44353.0,86900.0
24510080400,Baltimore city,Already Attractive,Advances to Scoring,182.0,0.20719603,1,35955.0,
24005421000,Baltimore County,Less Likely,Advances to Scoring,167.0,0.22252156,0,25833.0,207000.0
24025306100,Harford County,Less Likely,Advances to Scoring,2030.0,0.14686041,0,56826.0,278900.0
24510260303,Baltimore city,Goldilocks,Advances to Scoring,719.0,0.23946957,1,62625.0,215400.0
24043000800,Washington County,Less Likely,Advances to Scoring,864.0,0.33401957,0,38319.0,200300.0
24510150100,Baltimore city,Goldilocks,Advances to Scoring,231.0,0.3998968,1,38088.0,113700.0
24003730205,Anne Arundel County,Less Likely,Advances to Scoring,2064.0,0.1973483,0,41935.0,238300.0
24005430300,Baltimore County,Less Likely,Advances to Scoring,944.0,0.28445229,0,47910.0,184000.0
24510140300,Baltimore city,Less Likely,Advances to Scoring,153.0,0.3839432,1,46000.0,240200.0
24510200300,Baltimore city,Already Attractive,Advances to Scoring,84.0,0.30623019,1,52409.0,
24045000200,Wicomico County,Less Likely,Advances to Scoring,3348.0,0.21005762,0,56950.0,199000.0
24510271802,Baltimore city,Less Likely,Advances to Scoring,501.0,0.25850341,1,42850.0,142300.0
24005492700,Baltimore County,Goldilocks,Advances to Scoring,2552.0,0.16816708,0,48034.0,236700.0
24033805601,Prince George's County,Less Likely,Advances to Scoring,868.0,0.40674123,0,61023.0,452700.0
24045000500,Wicomico County,Less Likely,Advances to Scoring,1551.0,0.28062284,0,57331.0,198300.0
24001001000,Allegany County,Less Likely,Advances to Scoring,2395.0,0.32135195,0,29635.0,82600.0
24510170300,Baltimore city,Less Likely,Advances to Scoring,98.0,0.28316832,1,23896.0,169900.0
24510140200,Baltimore city,Goldilocks,Advances to Scoring,347.0,0.34870189,1,41393.0,428900.0
24510271700,Baltimore city,Less Likely,Advances to Scoring,6226.0,0.23412113,1,49091.0,204900.0
24510110200,Baltimore city,Goldilocks,Advances to Scoring,9199.0,0.17985232,1,72296.0,313600.0
24510150200,Baltimore city,Already Attractive,Advances to Scoring,76.0,0.24324325,1,48986.0,87500.0
24510120202,Baltimore city,Already Attractive,Advances to Scoring,9034.0,0.37293047,1,33969.0,315400.0
24510090800,Baltimore city,Already Attractive,Advances to Scoring,997.0,0.26324236,1,46797.0,
24015030400,Cecil County,Less Likely,Advances to Scoring,4172.0,0.25763315,0,43342.0,237400.0
24033803602,Prince George's County,Already Attractive,Advances to Scoring,11100.0,0.19808744,0,76006.0,328500.0
24510200400,Baltimore city,Less Likely,Advances to Scoring,77.0,0.2412231,1,40219.0,57400.0
24510260404,Baltimore city,Already Attractive,Advances to Scoring,5530.0,0.32452193,1,55921.0,179900.0
24510150600,Baltimore city,Less Likely,Advances to Scoring,365.0,0.27195659,1,38400.0,103200.0
24021751003,Frederick County,Already Attractive,Advances to Scoring,19005.0,0.15891328,0,74400.0,348100.0
24033980000,Prince George's County,Already Attractive,Advances to Scoring,16569.0,0.68472254,0,24919.0,450000.0
24005490900,Baltimore County,Goldilocks,Advances to Scoring,11669.0,0.22850947,0,51908.0,398400.0
24510260605,Baltimore city,Already Attractive,Advances to Scoring,15855.0,0.14567974,1,63082.0,194200.0
24510060400,Baltimore city,Goldilocks,Advances to Scoring,14007.0,0.27075812,1,46707.0,263300.0
24510070400,Baltimore city,Already Attractive,Advances to Scoring,10579.0,0.33397436,1,26989.0,121000.0
24510250500,Baltimore city,Less Likely,Advances to Scoring,3613.0,0.32529119,1,37360.0,96700.0
24031700721,Montgomery County,Less Likely,Advances to Scoring,423.0,0.25744167,0,71701.0,221200.0
24510100100,Baltimore city,Less Likely,Advances to Scoring,348.0,0.34236804,1,21098.0,113600.0
24510250205,Baltimore city,Less Likely,Advances to Scoring,2162.0,0.32821932,1,42500.0,96600.0
24510160400,Baltimore city,Less Likely,Advances to Scoring,58.0,0.26873735,1,34089.0,62000.0
24510150500,Baltimore city,Less Likely,Advances to Scoring,2641.0,0.38840261,1,42875.0,215300.0
24510160600,Baltimore city,Less Likely,Advances to Scoring,292.0,0.20634328,1,40729.0,92600.0
24510170100,Baltimore city,Goldilocks,Advances to Scoring,2136.0,0.29791778,1,43093.0,248300.0
24045000400,Wicomico County,Less Likely,Advances to Scoring,5415.0,0.21643914,0,53472.0,242600.0
24510160300,Baltimore city,Less Likely,Advances to Scoring,161.0,0.41390729,1,18693.0,178400.0
24510280600,Baltimore city,Goldilocks,Advances to Scoring,572.0,0.3654514,1,24717.0,179500.0
24510250303,Baltimore city,Less Likely,Advances to Scoring,726.0,0.25854215,1,50990.0,92000.0
24510250103,Baltimore city,Less Likely,Advances to Scoring,6081.0,0.20291734,1,38732.0,196700.0
24510210100,Baltimore city,Goldilocks,Advances to Scoring,4359.0,0.21565802,1,83934.0,259000.0
24510170200,Baltimore city,Already Attractive,Advances to Scoring,5700.0,0.60756302,1,12484.0,
24510120600,Baltimore city,Less Likely,Advances to Scoring,2999.0,0.40288925,1,22872.0,300700.0
24510200200,Baltimore city,Less Likely,Advances to Scoring,284.0,0.38904417,1,28203.0,73600.0
24510250301,Baltimore city,Goldilocks,Advances to Scoring,344.0,0.39128178,1,29538.0,95800.0
24510080302,Baltimore city,Less Likely,Advances to Scoring,236.0,0.31101122,1,39167.0,156200.0
24510150400,Baltimore city,Less Likely,Advances to Scoring,1025.0,0.31343722,1,38918.0,139900.0
24510280102,Baltimore city,Less Likely,Advances to Scoring,4916.0,0.25176018,1,47974.0,219700.0
24025302901,Harford County,Less Likely,Advances to Scoring,1333.0,0.34129214,0,50099.0,156100.0
24510250600,Baltimore city,Already Attractive,Advances to Scoring,3469.0,0.41176471,1,20375.0,
24043000900,Washington County,Already Attractive,Advances to Scoring,5332.0,0.32973945,0,42283.0,159800.0
24005403402,Baltimore County,Goldilocks,Advances to Scoring,6197.0,0.18886764,0,47439.0,219600.0
24005452300,Baltimore County,Less Likely,Advances to Scoring,1250.0,0.33751652,0,46687.0,168200.0
24510190100,Baltimore city,Less Likely,Advances to Scoring,191.0,0.42692828,1,26964.0,150000.0
24031701900,Montgomery County,Less Likely,Advances to Scoring,132.0,0.38944891,0,47227.0,613800.0
24005420701,Baltimore County,Less Likely,Advances to Scoring,864.0,0.16319703,0,42935.0,182400.0
24510280301,Baltimore city,Less Likely,Advances to Scoring,295.0,0.18486251,1,52303.0,380000.0
24510280404,Baltimore city,Goldilocks,Advances to Scoring,83.0,0.20146945,1,62220.0,259100.0
24033801801,Prince George's County,Less Likely,Advances to Scoring,533.0,0.3229638,0,43649.0,315600.0
24005420600,Baltimore County,Less Likely,Advances to Scoring,675.0,0.20974667,0,66750.0,174800.0
24033802803,Prince George's County,Less Likely,Advances to Scoring,594.0,0.23855257,0,96250.0,359800.0
24510160802,Baltimore city,Less Likely,Advances to Scoring,11.0,0.35639906,1,52122.0,140600.0
24005451200,Baltimore County,Less Likely,Advances to Scoring,7741.0,0.11792066,0,77938.0,262100.0
24510250402,Baltimore city,Less Likely,Advances to Scoring,30.0,0.39727664,1,40000.0,138600.0
24003730511,Anne Arundel County,Already Attractive,Advances to Scoring,227.0,0.16641337,0,40368.0,
24510120300,Baltimore city,Less Likely,Advances to Scoring,533.0,0.24168237,1,59583.0,276900.0
24005421102,Baltimore County,Less Likely,Advances to Scoring,161.0,0.21690895,0,66023.0,178800.0
24033802001,Prince George's County,Less Likely,Advances to Scoring,589.0,0.17630185,0,65842.0,310600.0
24510271001,Baltimore city,Less Likely,Advances to Scoring,76.0,0.19966814,1,50078.0,189600.0
24047950000,Worcester County,Already Attractive,Advances to Scoring,2777.0,0.22509848,0,62083.0,435200.0
24005420302,Baltimore County,Less Likely,Advances to Scoring,123.0,0.21668063,0,72028.0,189300.0
24510250203,Baltimore city,Less Likely,Advances to Scoring,843.0,0.1843044,1,42750.0,77800.0
24031703213,Montgomery County,Less Likely,Advances to Scoring,118.0,0.18543047,0,61892.0,272500.0
24510270701,Baltimore city,Already Attractive,Advances to Scoring,265.0,0.19706582,1,49855.0,
24510270401,Baltimore city,Less Likely,Advances to Scoring,409.0,0.2218302,1,65485.0,207000.0
24005452500,Baltimore County,Less Likely,Advances to Scoring,271.0,0.20100263,0,66310.0,225000.0
24510151000,Baltimore city,Less Likely,Advances to Scoring,748.0,0.23617619,1,56369.0,246700.0
24005451300,Baltimore County,Less Likely,Advances to Scoring,1499.0,0.2139535,0,60685.0,241200.0
24005491600,Baltimore County,Less Likely,Advances to Scoring,887.0,0.19827288,0,39306.0,208600.0
24510260302,Baltimore city,Less Likely,Advances to Scoring,186.0,0.20806485,1,51715.0,154600.0
24510280403,Baltimore city,Less Likely,Advances to Scoring,642.0,0.23457088,1,72949.0,319900.0
24033803612,Prince George's County,Less Likely,Advances to Scoring,2306.0,0.14529058,0,75957.0,360900.0
24510260301,Baltimore city,Less Likely,Advances to Scoring,172.0,0.19152543,1,50342.0,136700.0
24039930101,Somerset County,Goldilocks,Advances to Scoring,1234.0,0.23295684,0,67857.0,216600.0
24033802501,Prince George's County,Less Likely,Advances to Scoring,58.0,0.30127043,0,61772.0,362200.0
24510200702,Baltimore city,Goldilocks,Advances to Scoring,44.0,0.18418972,1,50901.0,106100.0
24031701601,Montgomery County,Less Likely,Advances to Scoring,27.0,0.20197532,0,63274.0,514700.0
24510070300,Baltimore city,Goldilocks,Advances to Scoring,208.0,0.19747081,1,66607.0,234200.0
24005402503,Baltimore County,Less Likely,Advances to Scoring,971.0,0.22778647,0,51509.0,310200.0
24005420301,Baltimore County,Less Likely,Advances to Scoring,212.0,0.18358889,0,64227.0,178900.0
24510280101,Baltimore city,Goldilocks,Advances to Scoring,3191.0,0.097267762,1,86686.0,151500.0
24510271101,Baltimore city,Already Attractive,Advances to Scoring,718.0,0.20721705,1,68929.0,273900.0
24033805602,Prince George's County,Less Likely,Advances to Scoring,262.0,0.34125304,0,86289.0,213300.0
24510272006,Baltimore city,Less Likely,Advances to Scoring,434.0,0.21446665,1,40370.0,233500.0
24033805202,Prince George's County,Less Likely,Advances to Scoring,206.0,0.16533481,0,54675.0,379200.0
24031700822,Montgomery County,Less Likely,Advances to Scoring,2717.0,0.24437299,0,48693.0,164600.0
24510090300,Baltimore city,Goldilocks,Advances to Scoring,655.0,0.25782856,1,72701.0,212400.0
24510150800,Baltimore city,Less Likely,Advances to Scoring,226.0,0.2113138,1,64914.0,227400.0
24031701509,Montgomery County,Less Likely,Advances to Scoring,2454.0,0.2117371,0,63200.0,626300.0
24011955302,Caroline County,Less Likely,Advances to Scoring,1961.0,0.18532944,0,53636.0,238900.0
24510150701,Baltimore city,Less Likely,Advances to Scoring,257.0,0.25649202,1,56318.0,260100.0
24001001100,Allegany County,Less Likely,Advances to Scoring,1168.0,0.21763869,0,47054.0,128400.0
24005430900,Baltimore County,Less Likely,Advances to Scoring,485.0,0.24861304,0,60711.0,341000.0
24510080102,Baltimore city,Less Likely,Advances to Scoring,268.0,0.31426886,1,48799.0,113100.0
24510210200,Baltimore city,Goldilocks,Advances to Scoring,4116.0,0.17866161,1,63777.0,209200.0
24037875903,St. Mary's County,Already Attractive,Advances to Scoring,1043.0,0.26707861,0,74019.0,304100.0
24510160200,Baltimore city,Less Likely,Advances to Scoring,54.0,0.16982183,1,40990.0,120300.0
24033805908,Prince George's County,Goldilocks,Advances to Scoring,5902.0,0.14055537,0,72566.0,279900.0
24510090900,Baltimore city,Goldilocks,Advances to Scoring,149.0,0.20723104,1,43769.0,115800.0
24011955600,Caroline County,Less Likely,Advances to Scoring,2290.0,0.29072347,0,40931.0,185600.0
24510090400,Baltimore city,Less Likely,Advances to Scoring,320.0,0.29664722,1,39129.0,122000.0
24510151300,Baltimore city,Less Likely,Advances to Scoring,473.0,0.23346496,1,49591.0,142900.0
24510272007,Baltimore city,Less Likely,Advances to Scoring,882.0,0.24977155,1,43422.0,203600.0
24045010503,Wicomico County,Already Attractive,Advances to Scoring,1106.0,0.2918559,0,39442.0,285000.0
24510250206,Baltimore city,Already Attractive,Advances to Scoring,3427.0,0.19719867,1,63233.0,134100.0
24510130100,Baltimore city,Less Likely,Advances to Scoring,69.0,0.33225387,1,34006.0,321200.0
24510120400,Baltimore city,Less Likely,Advances to Scoring,187.0,0.12830371,1,60313.0,319300.0
24001000500,Allegany County,Less Likely,Advances to Scoring,3431.0,0.33577052,0,34545.0,108200.0
24043000302,Washington County,Less Likely,Advances to Scoring,131.0,0.22002725,0,52500.0,124900.0
24510080700,Baltimore city,Goldilocks,Advances to Scoring,49.0,0.390625,1,55500.0,277500.0
24510180300,Baltimore city,Goldilocks,Advances to Scoring,1109.0,0.25251991,1,67895.0,213100.0
24001001800,Allegany County,Less Likely,Advances to Scoring,1624.0,0.26856947,0,47468.0,218500.0
24510200100,Baltimore city,Goldilocks,Advances to Scoring,336.0,0.14718889,1,88125.0,96300.0
24001000700,Allegany County,Less Likely,Advances to Scoring,742.0,0.39295477,0,36673.0,129200.0
24510270102,Baltimore city,Less Likely,Advances to Scoring,127.0,0.29978758,1,69625.0,198100.0
24510130300,Baltimore city,Less Likely,Advances to Scoring,197.0,0.37003914,1,48047.0,220400.0
24033807000,Prince George's County,Goldilocks,Advances to Scoring,2993.0,0.43134186,0,45761.0,436000.0
24005430101,Baltimore County,Less Likely,Advances to Scoring,702.0,0.19598393,0,61061.0,193700.0
24033803100,Prince George's County,Goldilocks,Advances to Scoring,605.0,0.26399767,0,62563.0,340900.0
24005450503,Baltimore County,Less Likely,Advances to Scoring,27.0,0.22220305,0,63816.0,182700.0
24510200600,Baltimore city,Less Likely,Advances to Scoring,824.0,0.18670887,1,49266.0,91700.0
24510250207,Baltimore city,Less Likely,Advances to Scoring,766.0,0.19009902,1,41292.0,92700.0
24510150702,Baltimore city,Less Likely,Advances to Scoring,66.0,0.35091743,1,41447.0,168300.0
24510151200,Baltimore city,Less Likely,Advances to Scoring,179.0,0.20764552,1,40179.0,147000.0
24510080800,Baltimore city,Goldilocks,Advances to Scoring,131.0,0.29603255,1,69250.0,284300.0
24510150300,Baltimore city,Less Likely,Advances to Scoring,206.0,0.4439221,1,30990.0,82300.0
24033806713,Prince George's County,Already Attractive,Advances to Scoring,1903.0,0.10035212,0,63293.0,
24005490605,Baltimore County,Already Attractive,Advances to Scoring,8133.0,0.85589522,0,2499.0,
24005401507,Baltimore County,Less Likely,Advances to Scoring,3300.0,0.076740131,0,76759.0,261800.0
24005450504,Baltimore County,Less Likely,Advances to Scoring,133.0,0.20457526,0,41634.0,193100.0
24033803900,Prince George's County,Less Likely,Advances to Scoring,903.0,0.23063104,0,82308.0,343900.0
24033801701,Prince George's County,Less Likely,Eliminated — Already Attractive,145.0,0.15542953,0,66217.0,391100.0
24033801707,Prince George's County,Less Likely,Eliminated — Already Attractive,110.0,0.073709674,0,83523.0,373100.0
24033801709,Prince George's County,Goldilocks,Eliminated — Already Attractive,352.0,0.35294119,0,69146.0,387000.0
24033801807,Prince George's County,Less Likely,Eliminated — Already Attractive,177.0,0.11391168,0,83779.0,405400.0
24033803001,Prince George's County,Less Likely,Eliminated — Already Attractive,130.0,0.13351877,0,77813.0,373400.0
24033801908,Prince George's County,Less Likely,Eliminated — Already Attractive,369.0,0.1103938,0,81060.0,374100.0
24033801216,Prince George's County,Less Likely,Eliminated — Already Attractive,375.0,0.17977825,0,80421.0,372900.0
24033803508,Prince George's County,Less Likely,Eliminated — Already Attractive,418.0,0.26019314,0,76719.0,366500.0
24033801808,Prince George's County,Less Likely,Eliminated — Already Attractive,254.0,0.19699343,0,66058.0,416700.0
24033800704,Prince George's County,Less Likely,Eliminated — Already Attractive,192.0,0.071660616,0,90953.0,363800.0
24047951000,Worcester County,Less Likely,Eliminated — Already Attractive,2957.0,0.21747614,0,69327.0,372000.0
24033800218,Prince George's County,Goldilocks,Eliminated — Already Attractive,1940.0,0.21298267,0,85000.0,408800.0
24033800217,Prince George's County,Less Likely,Eliminated — Already Attractive,375.0,0.11819668,0,106706.0,483000.0
24033800211,Prince George's County,Goldilocks,Eliminated — Already Attractive,529.0,0.083889417,0,86101.0,430600.0
24033800210,Prince George's County,Less Likely,Eliminated — Already Attractive,252.0,0.072230212,0,79306.0,517900.0
24033800109,Prince George's County,Goldilocks,Eliminated — Already Attractive,252.0,0.1329198,0,100909.0,390600.0
24033800103,Prince George's County,Goldilocks,Eliminated — Already Attractive,2785.0,0.12818299,0,87008.0,445900.0
24033800102,Prince George's County,Less Likely,Eliminated — Already Attractive,701.0,0.081551284,0,80745.0,430200.0
24033803509,Prince George's County,Already Attractive,Eliminated — Already Attractive,2679.0,0.27606884,0,72042.0,395200.0
24031703902,Montgomery County,Already Attractive,Eliminated — Already Attractive,1151.0,0.21238938,0,111326.0,546400.0
24033800413,Prince George's County,Less Likely,Eliminated — Already Attractive,503.0,0.1317905,0,110581.0,411300.0
24033803610,Prince George's County,Less Likely,Eliminated — Already Attractive,798.0,0.14985813,0,84632.0,436000.0
24037876200,St. Mary's County,Less Likely,Eliminated — Already Attractive,1166.0,0.20551936,0,124429.0,442500.0
24033804002,Prince George's County,Less Likely,Eliminated — Already Attractive,2378.0,0.18886979,0,82868.0,376300.0
24031703800,Montgomery County,Goldilocks,Eliminated — Already Attractive,4619.0,0.16949153,0,86190.0,615400.0
24037875904,St. Mary's County,Less Likely,Eliminated — Already Attractive,499.0,0.16242544,0,81845.0,379400.0
24033807500,Prince George's County,Goldilocks,Eliminated — Already Attractive,2363.0,0.15481617,0,83816.0,524700.0
24033807409,Prince George's County,Less Likely,Eliminated — Already Attractive,1122.0,0.18018702,0,101761.0,460100.0
24033807404,Prince George's County,Already Attractive,Eliminated — Already Attractive,11296.0,0.091856681,0,102891.0,394700.0
24033807301,Prince George's County,Less Likely,Eliminated — Already Attractive,459.0,0.20444328,0,81250.0,489300.0
24033806714,Prince George's County,Goldilocks,Eliminated — Already Attractive,609.0,0.27231622,0,100171.0,545500.0
24033806602,Prince George's County,Less Likely,Eliminated — Already Attractive,4751.0,0.24907292,0,85987.0,374900.0
24033806501,Prince George's County,Less Likely,Eliminated — Already Attractive,1899.0,0.23393868,0,78194.0,449100.0
24033806000,Prince George's County,Already Attractive,Eliminated — Already Attractive,1147.0,0.13803089,0,91493.0,442400.0
24033805909,Prince George's County,Less Likely,Eliminated — Already Attractive,117.0,0.063157894,0,84063.0,462400.0
24033805802,Prince George's County,Goldilocks,Eliminated — Already Attractive,230.0,0.067048058,0,125144.0,382600.0
24033805801,Prince George's County,Less Likely,Eliminated — Already Attractive,484.0,0.14292841,0,81985.0,382800.0
24033805500,Prince George's County,Less Likely,Eliminated — Already Attractive,893.0,0.17716943,0,86384.0,389600.0
24033805201,Prince George's County,Less Likely,Eliminated — Already Attractive,615.0,0.10977381,0,80498.0,434200.0
24033805101,Prince George's County,Less Likely,Eliminated — Already Attractive,185.0,0.20427065,0,69489.0,376300.0
24033805000,Prince George's County,Less Likely,Eliminated — Already Attractive,662.0,0.067019068,0,81417.0,404300.0
24033804600,Prince George's County,Less Likely,Eliminated — Already Attractive,553.0,0.12999403,0,83869.0,413300.0
24033804101,Prince George's County,Less Likely,Eliminated — Already Attractive,207.0,0.10243234,0,79504.0,547100.0
24033803613,Prince George's County,Goldilocks,Eliminated — Already Attractive,699.0,0.071902364,0,74082.0,405800.0
24031703701,Montgomery County,Already Attractive,Eliminated — Already Attractive,254.0,0.23253611,0,132883.0,415500.0
24003751103,Anne Arundel County,Less Likely,Eliminated — Already Attractive,407.0,0.080878213,0,71875.0,375100.0
24031703404,Montgomery County,Less Likely,Eliminated — Already Attractive,121.0,0.16807835,0,99318.0,387000.0
24031700727,Montgomery County,Less Likely,Eliminated — Already Attractive,4260.0,0.16303866,0,90417.0,468400.0
24031700724,Montgomery County,Less Likely,Eliminated — Already Attractive,455.0,0.14749511,0,70103.0,370700.0
24031700715,Montgomery County,Already Attractive,Eliminated — Already Attractive,291.0,0.095650829,0,106955.0,439100.0
24031700706,Montgomery County,Goldilocks,Eliminated — Already Attractive,3247.0,0.051572617,0,100907.0,496600.0
24031700309,Montgomery County,Already Attractive,Eliminated — Already Attractive,6216.0,0.12871455,0,95424.0,365100.0
24025306200,Harford County,Goldilocks,Eliminated — Already Attractive,773.0,0.20172258,0,67569.0,380400.0
24025305200,Harford County,Less Likely,Eliminated — Already Attractive,534.0,0.11912944,0,75000.0,394400.0
24021772200,Frederick County,Already Attractive,Eliminated — Already Attractive,4108.0,0.34706813,0,68879.0,441800.0
24021767500,Frederick County,Less Likely,Eliminated — Already Attractive,228.0,0.032831211,0,88009.0,428800.0
24021753001,Frederick County,Less Likely,Eliminated — Already Attractive,1222.0,0.092580847,0,97451.0,381800.0
24021751600,Frederick County,Less Likely,Eliminated — Already Attractive,211.0,0.067147069,0,98026.0,540100.0
24021751001,Frederick County,Already Attractive,Eliminated — Already Attractive,7.0,0.14117132,0,90465.0,448800.0
24021750801,Frederick County,Goldilocks,Eliminated — Already Attractive,3368.0,0.081329115,0,68438.0,427000.0
24021750508,Frederick County,Less Likely,Eliminated — Already Attractive,469.0,0.16173609,0,72111.0,421500.0
24017851200,Charles County,Less Likely,Eliminated — Already Attractive,493.0,0.062855937,0,104038.0,441500.0
24017850802,Charles County,Goldilocks,Eliminated — Already Attractive,3585.0,0.11627907,0,86425.0,406200.0
24005490303,Baltimore County,Less Likely,Eliminated — Already Attractive,2766.0,0.27719823,0,75392.0,376200.0
24003740205,Anne Arundel County,Less Likely,Eliminated — Already Attractive,1607.0,0.22686084,0,87404.0,372100.0
24510030200,Baltimore city,Goldilocks,Eliminated — Already Attractive,6150.0,0.2141197,1,107048.0,377500.0
24031700729,Montgomery County,Less Likely,Eliminated — Already Attractive,371.0,0.17675379,0,110855.0,448400.0
24031700731,Montgomery County,Less Likely,Eliminated — Already Attractive,631.0,0.22729553,0,103148.0,487500.0
24031700732,Montgomery County,Less Likely,Eliminated — Already Attractive,568.0,0.14679742,0,92500.0,386900.0
24031700812,Montgomery County,Less Likely,Eliminated — Already Attractive,339.0,0.095945045,0,88954.0,367600.0
24031703302,Montgomery County,Already Attractive,Eliminated — Already Attractive,871.0,0.09968292,0,114188.0,490100.0
24031703214,Montgomery County,Less Likely,Eliminated — Already Attractive,486.0,0.22917536,0,65875.0,580600.0
24031703209,Montgomery County,Less Likely,Eliminated — Already Attractive,894.0,0.13626628,0,85230.0,541000.0
24031702502,Montgomery County,Less Likely,Eliminated — Already Attractive,2300.0,0.12575841,0,89063.0,450500.0
24031702301,Montgomery County,Goldilocks,Eliminated — Already Attractive,606.0,0.12265758,0,99265.0,383300.0
24031702101,Montgomery County,Less Likely,Eliminated — Already Attractive,497.0,0.16894171,0,71458.0,529500.0
24031702000,Montgomery County,Less Likely,Eliminated — Already Attractive,382.0,0.11463286,0,72821.0,396600.0
24031701702,Montgomery County,Less Likely,Eliminated — Already Attractive,1981.0,0.072041169,0,66548.0,583300.0
24031701602,Montgomery County,Less Likely,Eliminated — Already Attractive,370.0,0.18357083,0,79531.0,492600.0
24031703501,Montgomery County,Less Likely,Eliminated — Already Attractive,359.0,0.15214205,0,87347.0,478300.0
24031701508,Montgomery County,Less Likely,Eliminated — Already Attractive,95.0,0.11170873,0,84755.0,529800.0
24031701418,Montgomery County,Already Attractive,Eliminated — Already Attractive,66.0,0.054995682,0,108271.0,432000.0
24031700904,Montgomery County,Already Attractive,Eliminated — Already Attractive,7542.0,0.25131944,0,81438.0,598800.0
24031700903,Montgomery County,Already Attractive,Eliminated — Already Attractive,4054.0,0.15830116,0,105771.0,553100.0
24031700836,Montgomery County,Less Likely,Eliminated — Already Attractive,443.0,0.032345012,0,72447.0,447000.0
24031700832,Montgomery County,Less Likely,Eliminated — Already Attractive,326.0,0.1394807,0,80417.0,380000.0
24031700830,Montgomery County,Less Likely,Eliminated — Already Attractive,2045.0,0.10095389,0,83537.0,480500.0
24031700820,Montgomery County,Goldilocks,Eliminated — Already Attractive,1878.0,0.101082,0,92560.0,600400.0
24031700819,Montgomery County,Less Likely,Eliminated — Already Attractive,346.0,0.046933573,0,103155.0,379600.0
24031700818,Montgomery County,Less Likely,Eliminated — Already Attractive,1612.0,0.14458779,0,88590.0,410000.0
24031701423,Montgomery County,Less Likely,Eliminated — Already Attractive,102.0,0.1380132,0,89196.0,369300.0
24510140100,Baltimore city,Less Likely,Eliminated — Already Attractive,1109.0,0.2134434,1,66503.0,464800.0
